id,name,model_id:id,group_id:id,perm_read,perm_write,perm_create,perm_unlink
access_hr_employee,hr.employee,model_hr_employee,base.group_user,1,1,1,1
access_vaccine_information,vaccine.information,model_vaccine_information,base.group_user,1,1,1,1
access_education_information,education.information,model_education_information,base.group_user,1,1,1,1
access_config_employee,config.employee,model_config_employee,base.group_user,1,1,1,1
access_employment_infor,employment.infor,model_employment_infor,base.group_user,1,1,1,1
access_validation_employee,validation.employee,model_validation_employee,base.group_user,1,1,1,1
access_cost_center,cost.center,model_cost_center,base.group_user,1,1,1,1

